"1004622","Sniper: Ghost Warrior - Xbox 360","2010-05-17",
"1010544","Monopoly Streets - Xbox 360","2010-05-20",
"1011067","MySims: SkyHeroes - Xbox 360","2010-05-18",
"1011491","FIFA Soccer 11 - Xbox 360","2010-05-19",
"1011831","Hasbro Family Game Night 3 - Xbox 360","2010-05-19",
"1012721","The Sims 3 - Xbox 360","2010-05-19",
"1012876","Two Worlds II - Xbox 360","2010-05-20",
"1013666","Call of Duty: The War Collection - Xbox 360","2011-11-17",
"1014064","Castlevania: Lords of Shadow - Xbox 360","2010-05-20",
"1032361","Need for Speed: Hot Pursuit - Xbox 360","2010-06-15",
"1052221","Marvel vs. Capcom 3: Fate of Two Worlds - Xbox 360","2010-06-08",
"1066233","Guitar Hero: Warriors of Rock - Xbox 360","2010-06-10",
"1066515","DJ Hero 2 - Xbox 360","2010-06-10",
"1066551","WWE SmackDown vs. Raw 2011 - Xbox 360","2010-06-10",
"1004622","Sniper: Ghost Warrior - Xbox 360","2010-05-17",
"1010544","Monopoly Streets - Xbox 360","2010-05-20",
"1011067","MySims: SkyHeroes - Xbox 360","2010-05-18",
"1011491","FIFA Soccer 11 - Xbox 360","2010-05-19",
"1011831","Hasbro Family Game Night 3 - Xbox 360","2010-05-19",
"1012721","The Sims 3 - Xbox 360","2010-05-19",
"1012876","Two Worlds II - Xbox 360","2010-05-20",
"1013666","Call of Duty: The War Collection - Xbox 360","2011-11-17",
"1014064","Castlevania: Lords of Shadow - Xbox 360","2010-05-20",
"1032361","Need for Speed: Hot Pursuit - Xbox 360","2010-06-15",
"1052221","Marvel vs. Capcom 3: Fate of Two Worlds - Xbox 360","2010-06-08",
"1066233","Guitar Hero: Warriors of Rock - Xbox 360","2010-06-10",
"1066515","DJ Hero 2 - Xbox 360","2010-06-10",
"1066551","WWE SmackDown vs. Raw 2011 - Xbox 360","2010-06-10",
"1067848","Homefront - Xbox 360","2010-06-12",
"1067948","Red Faction: Armageddon - Xbox 360","2010-06-11",
"1078792","Mortal Kombat - Xbox 360","2010-06-15",
"1092494","Driver San Francisco - Xbox 360","2010-06-21",
"1094401","Spider-Man: Shattered Dimensions - Xbox 360","2010-06-22",
"1121355","Lucha Libre AAA: Heroes Del Ring - Xbox 360","2010-06-30",
"1121373","Def Jam Rapstar - Xbox 360","2010-06-30",
"1142357","DarkStar One: Broken Alliance - Xbox 360","2010-07-21",
"1154546","Star Wars: The Force Unleashed II Collector's Edition - Xbox 360","2010-07-14",
"1067848","Homefront - Xbox 360","2010-06-12",
"1067948","Red Faction: Armageddon - Xbox 360","2010-06-11",
"1078792","Mortal Kombat - Xbox 360","2010-06-15",
"1092494","Driver San Francisco - Xbox 360","2010-06-21",
"1094401","Spider-Man: Shattered Dimensions - Xbox 360","2010-06-22",
"1121355","Lucha Libre AAA: Heroes Del Ring - Xbox 360","2010-06-30",
"1121373","Def Jam Rapstar - Xbox 360","2010-06-30",
"1142357","DarkStar One: Broken Alliance - Xbox 360","2010-07-21",
"1154546","Star Wars: The Force Unleashed II Collector's Edition - Xbox 360","2010-07-14",
"1161734","NBA 2K11 - Xbox 360","2010-07-14",
"1170735","Blood Stone 007 - Xbox 360","2010-07-16",
"1179927","Your Shape: Fitness Evolved - Xbox 360","2010-07-22",
"1179963","Kinect Joy Ride - Xbox 360","2010-07-20",
"1180061","Kinectimals - Xbox 360","2010-07-20",
"1180104","Kinect Sports - Xbox 360","2010-07-20",
"1182175","Battlefield: Bad Company 2 Ultimate Edition - Xbox 360","2010-07-21",
"1184298","Arcania: Gothic 4 - Xbox 360","2010-07-22",
"1199284","The Biggest Loser: Ultimate Workout - Xbox 360","2012-07-29",
"1207275","Saints Row Platinum Hits Double Pack - Xbox 360","2010-07-27",
"1208344","Adrenalin Misfits - Xbox 360","2010-07-27",
"1208468","Deca Sports Freedom - Xbox 360","2010-07-27",
"1208486","Dance Masters - Xbox 360","2010-07-27",
"1208753","Power Gig: Rise of the SixString - Xbox 360","2010-07-27",
"1228939","Rage - Xbox 360","2010-08-05",
"1228993","Hunted: The Demon's Forge - Xbox 360","2010-08-05",
"1161734","NBA 2K11 - Xbox 360","2010-07-14",
"1170735","Blood Stone 007 - Xbox 360","2010-07-16",
"1179927","Your Shape: Fitness Evolved - Xbox 360","2010-07-22",
"1179963","Kinect Joy Ride - Xbox 360","2010-07-20",
"1180061","Kinectimals - Xbox 360","2010-07-20",
"1180104","Kinect Sports - Xbox 360","2010-07-20",
"1182175","Battlefield: Bad Company 2 Ultimate Edition - Xbox 360","2010-07-21",
"1184298","Arcania: Gothic 4 - Xbox 360","2010-07-22",
"1199284","The Biggest Loser: Ultimate Workout - Xbox 360","2012-07-29",
"1207275","Saints Row Platinum Hits Double Pack - Xbox 360","2010-07-27",
"1208344","Adrenalin Misfits - Xbox 360","2010-07-27",
"1208468","Deca Sports Freedom - Xbox 360","2010-07-27",
"1208486","Dance Masters - Xbox 360","2010-07-27",
"1208753","Power Gig: Rise of the SixString - Xbox 360","2010-07-27",
"1228939","Rage - Xbox 360","2010-08-05",
"1228993","Hunted: The Demon's Forge - Xbox 360","2010-08-05",
"1243179","Truth or Lies - Xbox 360","2010-08-11",
"1251132","Deus Ex: Human Revolution - Xbox 360","2010-08-16",
"1254078","Legend of the Guardians: The Owls of Ga'Hoole - Xbox 360","2010-08-17",
"1243179","Truth or Lies - Xbox 360","2010-08-11",
"1251132","Deus Ex: Human Revolution - Xbox 360","2010-08-16",
"1254078","Legend of the Guardians: The Owls of Ga'Hoole - Xbox 360","2010-08-17",
"1309041","Plants vs. Zombies - Xbox 360","2010-09-01",
"1315467","Rapala Pro Bass Fishing - Xbox 360","2010-09-02",
"1315528","Tony Hawk: Shred - Xbox 360","2010-09-02",
"1318437","TRON: Evolution Collector's Edition - Xbox 360","2010-09-02",
"1324987","Harry Potter and the Deathly Hallows Part 1: The Videogame - Xbox 360","2010-09-03",
"1330193","Fracture - Xbox 360","2012-07-29",
"1331217","Dance Central (Downloadable Content Token Card) - Xbox 360","2010-10-05",
"1338007","Assassin's Creed: Brotherhood Collector's Edition - Xbox 360","2010-09-08",
"1338089","MotionSports - Xbox 360","2010-09-08",
"1309041","Plants vs. Zombies - Xbox 360","2010-09-01",
"1315467","Rapala Pro Bass Fishing - Xbox 360","2010-09-02",
"1315528","Tony Hawk: Shred - Xbox 360","2010-09-02",
"1318437","TRON: Evolution Collector's Edition - Xbox 360","2010-09-02",
"1324987","Harry Potter and the Deathly Hallows Part 1: The Videogame - Xbox 360","2010-09-03",
"1330193","Fracture - Xbox 360","2012-07-29",
"1331217","Dance Central (Downloadable Content Token Card) - Xbox 360","2010-10-05",
"1338007","Assassin's Creed: Brotherhood Collector's Edition - Xbox 360","2010-09-08",
"1338089","MotionSports - Xbox 360","2010-09-08",
"1404133","Cabela's Dangerous Hunts 2011 - Xbox 360","2010-09-20",
"1404415","Vanquish - Xbox 360","2010-09-20",
"1431386","Borderlands: Game of the Year Edition - Xbox 360","2010-09-28",
"1440189","Saw II: Flesh and Blood - Xbox 360","2010-09-28",
"1443131","DJ Hero - Xbox 360","2010-09-29",
"1450317","Marvel Superhero Squad: The Infinity Gauntlet - Xbox 360","2012-07-29",
"1450556","Megamind: Ultimate Showdown - Xbox 360","2010-09-30",
"1470129","Fighters Uncaged - Xbox 360","2010-10-05",
"1470147","Sonic Free Riders - Xbox 360","2010-10-05",
"1404133","Cabela's Dangerous Hunts 2011 - Xbox 360","2010-09-20",
"1404415","Vanquish - Xbox 360","2010-09-20",
"1431386","Borderlands: Game of the Year Edition - Xbox 360","2010-09-28",
"1440189","Saw II: Flesh and Blood - Xbox 360","2010-09-28",
"1443131","DJ Hero - Xbox 360","2010-09-29",
"1450317","Marvel Superhero Squad: The Infinity Gauntlet - Xbox 360","2012-07-29",
"1450556","Megamind: Ultimate Showdown - Xbox 360","2010-09-30",
"1470129","Fighters Uncaged - Xbox 360","2010-10-05",
"1470147","Sonic Free Riders - Xbox 360","2010-10-05",
"1475036","Dead Space 2 - Xbox 360","2010-10-05",
"1493444","CSI: Crime Scene Investigation - Fatal Conspiracy - Xbox 360","2010-10-07",
"1493639","Fist of the North Star: Ken's Rage - Xbox 360","2010-10-07",
"1508787","Red Dead Redemption: Undead Nightmare - Xbox 360","2010-10-12",
"1511584","Grand Theft Auto IV: The Complete Edition - Xbox 360","2010-10-12",
"1515341","Zumba Fitness - Xbox 360","2010-10-13",
"1535584","Game Party: In Motion - Xbox 360","2012-01-27",
"1535718","Create - Xbox 360","2010-10-18",
"1563392","Michael Jackson: The Experience - Xbox 360","2010-12-01",
"1563461","Crysis 2 - Xbox 360","2010-10-22",
"1475036","Dead Space 2 - Xbox 360","2010-10-05",
"1493444","CSI: Crime Scene Investigation - Fatal Conspiracy - Xbox 360","2010-10-07",
"1493639","Fist of the North Star: Ken's Rage - Xbox 360","2010-10-07",
"1508787","Red Dead Redemption: Undead Nightmare - Xbox 360","2010-10-12",
"1511584","Grand Theft Auto IV: The Complete Edition - Xbox 360","2010-10-12",
"1515341","Zumba Fitness - Xbox 360","2010-10-13",
"1535584","Game Party: In Motion - Xbox 360","2012-01-27",
"1535718","Create - Xbox 360","2010-10-18",
"1563392","Michael Jackson: The Experience - Xbox 360","2010-12-01",
"1563461","Crysis 2 - Xbox 360","2010-10-22",
"1579138","NBA Jam - Xbox 360","2010-10-26",
"1580049","Dance Central - Xbox 360","2010-10-26",
"1617038","Bulletstorm - Xbox 360","2010-11-02",
"1685052","Dragon Age II - Xbox 360","2010-11-18",
"1579138","NBA Jam - Xbox 360","2010-10-26",
"1580049","Dance Central - Xbox 360","2010-10-26",
"1617038","Bulletstorm - Xbox 360","2010-11-02",
"1685052","Dragon Age II - Xbox 360","2010-11-18",
"1775051","LEGO Star Wars III: The Clone Wars - Xbox 360","2010-12-08",
"1776209","You Don't Know Jack - Xbox 360","2010-12-08",
"1778076","De Blob 2 - Xbox 360","2010-12-08",
"1778119","MindJack - Xbox 360","2010-12-08",
"1802089","Fantastic Pets - Xbox 360","2010-12-13",
"1807118","Fight Night Champion - Xbox 360","2010-12-14",
"1808056","Major League Baseball 2K11 - Xbox 360","2010-12-15",
"1814093","Shift 2 Unleashed - Xbox 360","2010-12-15",
"1816073","LEGO Pirates of the Caribbean: The Video Game - Xbox 360","2010-12-15",
"1775051","LEGO Star Wars III: The Clone Wars - Xbox 360","2010-12-08",
"1776209","You Don't Know Jack - Xbox 360","2010-12-08",
"1778076","De Blob 2 - Xbox 360","2010-12-08",
"1778119","MindJack - Xbox 360","2010-12-08",
"1802089","Fantastic Pets - Xbox 360","2010-12-13",
"1807118","Fight Night Champion - Xbox 360","2010-12-14",
"1808056","Major League Baseball 2K11 - Xbox 360","2010-12-15",
"1814093","Shift 2 Unleashed - Xbox 360","2010-12-15",
"1816073","LEGO Pirates of the Caribbean: The Video Game - Xbox 360","2010-12-15",
"1930151","Tiger Woods PGA TOUR 12: The Masters - Xbox 360","2011-01-05",
"1930151","Tiger Woods PGA TOUR 12: The Masters - Xbox 360","2011-01-05",
"1953203","NASCAR 2011: The Game - Xbox 360","2011-01-07",
"1972826","Top Spin 4 - Xbox 360","2011-01-11",
"1973042","Warriors: Legends of Troy - Xbox 360","2011-01-11",
"1974315","WWE All Stars - Xbox 360","2011-01-11",
"1981099","Dance Paradise - Xbox 360","2011-01-12",
"1981345","Green Lantern: Rise of the Manhunters - Xbox 360","2011-01-12",
"1989198","The Lord of the Rings: War in the North - Xbox 360","2012-07-29",
"1997066","Body and Brain Connection - Xbox 360","2011-01-14",
"1997154","Rock Band Country Track Pack 2 - Xbox 360","2011-01-14",
"2032076","Gears of War Triple Pack - Xbox 360","2011-01-19",
"1953203","NASCAR 2011: The Game - Xbox 360","2011-01-07",
"1972826","Top Spin 4 - Xbox 360","2011-01-11",
"1973042","Warriors: Legends of Troy - Xbox 360","2011-01-11",
"1974315","WWE All Stars - Xbox 360","2011-01-11",
"1981099","Dance Paradise - Xbox 360","2011-01-12",
"1981345","Green Lantern: Rise of the Manhunters - Xbox 360","2011-01-12",
"1989198","The Lord of the Rings: War in the North - Xbox 360","2012-07-29",
"1997066","Body and Brain Connection - Xbox 360","2011-01-14",
"1997154","Rock Band Country Track Pack 2 - Xbox 360","2011-01-14",
"2032076","Gears of War Triple Pack - Xbox 360","2011-01-19",
"2051131","Duke Nukem Forever - Xbox 360","2011-01-22",
"2075383","Yoostar 2: In the Movies - Xbox 360","2011-01-25",
"2078113","Forza Motorsport 4 - Xbox 360","2011-01-25",
"2087044","Brunswick Pro Bowling - Xbox 360","2011-01-26",
"2095189","The Elder Scrolls V: Skyrim - Xbox 360","2011-01-27",
"2051131","Duke Nukem Forever - Xbox 360","2011-01-22",
"2075383","Yoostar 2: In the Movies - Xbox 360","2011-01-25",
"2078113","Forza Motorsport 4 - Xbox 360","2011-01-25",
"2087044","Brunswick Pro Bowling - Xbox 360","2011-01-26",
"2095189","The Elder Scrolls V: Skyrim - Xbox 360","2011-01-27",
"2106238","Dreamcast Collection - Xbox 360","2011-01-28",
"2107458","Battlefield 3 Limited Edition - Xbox 360","2011-02-03",
"2138219","Dynasty Warriors 7 - Xbox 360","2011-02-02",
"2138398","Mayhem 3D - Xbox 360","2011-02-02",
"2141045","Rango - Xbox 360","2011-02-01",
"2146641","Portal 2 - Xbox 360","2011-02-03",
"2173065","Batman: Arkham City - Xbox 360","2011-03-02",
"2173135","Disney/Pixar Cars 2 - Xbox 360","2011-02-07",
"2106238","Dreamcast Collection - Xbox 360","2011-01-28",
"2107458","Battlefield 3 Limited Edition - Xbox 360","2011-02-03",
"2138219","Dynasty Warriors 7 - Xbox 360","2011-02-02",
"2138398","Mayhem 3D - Xbox 360","2011-02-02",
"2141045","Rango - Xbox 360","2011-02-01",
"2146641","Portal 2 - Xbox 360","2011-02-03",
"2173065","Batman: Arkham City - Xbox 360","2011-03-02",
"2173135","Disney/Pixar Cars 2 - Xbox 360","2011-02-07",
"2202037","Deus Ex: Human Revolution Augmented Edition - Xbox 360","2011-02-10",
"2212043","Skylanders: Spyro's Adventure Starter Pack - Xbox 360","2011-02-11",
"2248278","Transformers: Dark of the Moon - Xbox 360","2011-02-16",
"2281794","Dance Dance Revolution - Xbox 360","2011-02-22",
"2202037","Deus Ex: Human Revolution Augmented Edition - Xbox 360","2011-02-10",
"2212043","Skylanders: Spyro's Adventure Starter Pack - Xbox 360","2011-02-11",
"2248278","Transformers: Dark of the Moon - Xbox 360","2011-02-16",
"2281794","Dance Dance Revolution - Xbox 360","2011-02-22",
"2284728","Carnival Games: Monkey See, Monkey Do - Xbox 360","2012-07-29",
"2319319","Dungeon Siege III - Xbox 360","2011-03-02",
"2330703","Saints Row: The Third - Xbox 360","2011-03-01",
"2340293","NCAA Football 12 - Xbox 360","2011-03-02",
"2375195","Madden NFL 12 - Xbox 360","2011-03-08",
"2284728","Carnival Games: Monkey See, Monkey Do - Xbox 360","2012-07-29",
"2319319","Dungeon Siege III - Xbox 360","2011-03-02",
"2330703","Saints Row: The Third - Xbox 360","2011-03-01",
"2340293","NCAA Football 12 - Xbox 360","2011-03-02",
"2375195","Madden NFL 12 - Xbox 360","2011-03-08",
"2396097","Rio - Xbox 360","2011-03-11",
"2432045","MX vs. ATV Alive - Xbox 360","2011-03-17",
"2432142","Kung Fu Panda 2 - Xbox 360","2011-03-21",
"2432276","UFC Personal Trainer - Xbox 360","2011-03-17",
"2396097","Rio - Xbox 360","2011-03-11",
"2432045","MX vs. ATV Alive - Xbox 360","2011-03-17",
"2432142","Kung Fu Panda 2 - Xbox 360","2011-03-21",
"2432276","UFC Personal Trainer - Xbox 360","2011-03-17",
"2467129","Gears of War 3: Limited Edition - Xbox 360","2011-03-22",
"2467183","Gears of War 3: Epic Edition - Xbox 360","2011-03-22",
"2480232","Alice: Madness Returns - Xbox 360","2011-03-23",
"2524106","Man vs. Wild with Bear Grylls - Xbox 360","2012-03-28",
"2525293","Call of Juarez: The Cartel - Xbox 360","2011-03-31",
"2467129","Gears of War 3: Limited Edition - Xbox 360","2011-03-22",
"2467183","Gears of War 3: Epic Edition - Xbox 360","2011-03-22",
"2480232","Alice: Madness Returns - Xbox 360","2011-03-23",
"2524106","Man vs. Wild with Bear Grylls - Xbox 360","2012-03-28",
"2525293","Call of Juarez: The Cartel - Xbox 360","2011-03-31",
"2540079","Xbox Live Arcade Triple Pack - Xbox 360","2011-04-04",
"2541184","Dead Island - Xbox 360","2011-04-04",
"2542262","Thor: God of Thunder - Xbox 360","2011-04-05",
"2542914","Silent Hill: Downpour - Xbox 360","2011-04-05",
"2548405","Virtua Tennis 4 - Xbox 360","2011-04-06",
"2550207","History Great Battles Medieval - Xbox 360","2011-07-10",
"2576068","PowerUp Heroes - Xbox 360","2011-04-10",
"2598445","Wipeout: In The Zone - Xbox 360","2011-04-14",
"2598588","Supremacy MMA - Xbox 360","2011-04-14",
"2540079","Xbox Live Arcade Triple Pack - Xbox 360","2011-04-04",
"2541184","Dead Island - Xbox 360","2011-04-04",
"2542262","Thor: God of Thunder - Xbox 360","2011-04-05",
"2542914","Silent Hill: Downpour - Xbox 360","2011-04-05",
"2548405","Virtua Tennis 4 - Xbox 360","2011-04-06",
"2550207","History Great Battles Medieval - Xbox 360","2011-07-10",
"2576068","PowerUp Heroes - Xbox 360","2011-04-10",
"2598445","Wipeout: In The Zone - Xbox 360","2011-04-14",
"2598588","Supremacy MMA - Xbox 360","2011-04-14",
"2613542","Assassin's Creed: Revelations - Xbox 360","2011-05-05",
"2628429","Child of Eden - Xbox 360","2011-04-20",
"2633103","Rocksmith Best Buy Exclusive Edition - Xbox 360","2011-06-09",
"2633149","Rocksmith Best Buy Exclusive Edition - PlayStation 3","2011-05-18",
"2633158","Super Street Fighter IV: Arcade Edition - Xbox 360","2011-04-21",
"2643215","Tropico 4 - Xbox 360","2011-08-30",
"2663112","Dirt 3 - Xbox 360","2011-04-25",
"2670133","Call of Duty: Modern Warfare 3 - Xbox 360","2011-05-16",
"2671044","X-Men: Destiny - Xbox 360","2011-04-26",
"2677215","Divinity II: The Dragon Knight Saga - Xbox 360","2011-04-27",
"2678108","Operation Flashpoint: Red River - Xbox 360","2011-04-27",
"2678241","Need For Speed: The Run - Xbox 360","2011-04-29",
"2678578","The Elder Scrolls IV: Oblivion - 5th Anniversary Edition - Xbox 360","2011-04-28",
"2613542","Assassin's Creed: Revelations - Xbox 360","2011-05-05",
"2628429","Child of Eden - Xbox 360","2011-04-20",
"2633103","Rocksmith Best Buy Exclusive Edition - Xbox 360","2011-06-09",
"2633149","Rocksmith Best Buy Exclusive Edition - PlayStation 3","2011-05-18",
"2633158","Super Street Fighter IV: Arcade Edition - Xbox 360","2011-04-21",
"2643215","Tropico 4 - Xbox 360","2011-08-30",
"2663112","Dirt 3 - Xbox 360","2011-04-25",
"2670133","Call of Duty: Modern Warfare 3 - Xbox 360","2011-05-16",
"2671044","X-Men: Destiny - Xbox 360","2011-04-26",
"2677215","Divinity II: The Dragon Knight Saga - Xbox 360","2011-04-27",
"2678108","Operation Flashpoint: Red River - Xbox 360","2011-04-27",
"2678241","Need For Speed: The Run - Xbox 360","2011-04-29",
"2678578","The Elder Scrolls IV: Oblivion - 5th Anniversary Edition - Xbox 360","2011-04-28",
"2688108","Otomedius Excellent - Xbox 360","2011-04-28",
"2703068","Motion Explosion - Xbox 360","2011-05-02",
"2703101","Hulk Hogan's Main Event - Xbox 360","2011-05-02",
"2704058","FIFA Soccer 12 - Xbox 360","2011-05-27",
"2712876","Catherine - Xbox 360","2011-05-04",
"2730972","Record of Agarest War Zero - Xbox 360","2011-05-05",
"2731025","The Cursed Crusade - Xbox 360","2012-03-28",
"2737083","Dead Rising 2: Off The Record - Xbox 360","2011-06-29",
"2737171","Resident Evil: Operation Raccoon City Best Buy Limited Edition - Xbox 360","2011-05-06",
"2749041","Warhammer 40,000: Space Marine - Xbox 360","2011-05-25",
"2755149","Ace Combat: Assault Horizon - Xbox 360","2011-06-29",
"2758085","Dark Souls - Xbox 360","2011-05-10",
"2758119","Earth Defense Force: Insect Armageddon - Xbox 360","2011-05-10",
"2759181","Heavy Fire: Afghanistan - Xbox 360","2011-05-10",
"2760575","Record of Agarest War Zero Limited Edition - Xbox 360","2011-05-10",
"2688108","Otomedius Excellent - Xbox 360","2011-04-28",
"2703068","Motion Explosion - Xbox 360","2011-05-02",
"2703101","Hulk Hogan's Main Event - Xbox 360","2011-05-02",
"2704058","FIFA Soccer 12 - Xbox 360","2011-05-27",
"2712876","Catherine - Xbox 360","2011-05-04",
"2730972","Record of Agarest War Zero - Xbox 360","2011-05-05",
"2731025","The Cursed Crusade - Xbox 360","2012-03-28",
"2737083","Dead Rising 2: Off The Record - Xbox 360","2011-06-29",
"2737171","Resident Evil: Operation Raccoon City Best Buy Limited Edition - Xbox 360","2011-05-06",
"2749041","Warhammer 40,000: Space Marine - Xbox 360","2011-05-25",
"2755149","Ace Combat: Assault Horizon - Xbox 360","2011-06-29",
"2758085","Dark Souls - Xbox 360","2011-05-10",
"2758119","Earth Defense Force: Insect Armageddon - Xbox 360","2011-05-10",
"2759181","Heavy Fire: Afghanistan - Xbox 360","2011-05-10",
"2760575","Record of Agarest War Zero Limited Edition - Xbox 360","2011-05-10",
"2769488","Disney Universe - Xbox 360","2011-05-26",
"2774101","Harry Potter and the Deathly Hallows Part 2 - Xbox 360","2011-05-12",
"2795128","Mass Effect 3 - Xbox 360","2011-05-16",
"2802508","Just Dance 3 - Xbox 360","2011-06-08",
"2807036","NHL 12 - Xbox 360","2011-06-01",
"2808872","Max Payne 3 - Xbox 360","2011-05-18",
"2809529","Captain America: Super Soldier - Xbox 360","2011-05-18",
"2815178","Metal Gear Rising: Revengeance - Xbox 360","2011-06-10",
"2823826","Tomb Raider - Xbox 360","2011-06-10",
"2823899","Kinect Star Wars - Xbox 360","2011-06-10",
"2824158","Hitman: Absolution - Xbox 360","2011-06-10",
"2833031","Call of Duty: Black Ops with First Strike Content Pack - Xbox 360","2011-06-20",
"2833095","Sonic Generations - Xbox 360","2011-05-23",
"2769488","Disney Universe - Xbox 360","2011-05-26",
"2774101","Harry Potter and the Deathly Hallows Part 2 - Xbox 360","2011-05-12",
"2795128","Mass Effect 3 - Xbox 360","2011-05-16",
"2802508","Just Dance 3 - Xbox 360","2011-06-08",
"2807036","NHL 12 - Xbox 360","2011-06-01",
"2808872","Max Payne 3 - Xbox 360","2011-05-18",
"2809529","Captain America: Super Soldier - Xbox 360","2011-05-18",
"2815178","Metal Gear Rising: Revengeance - Xbox 360","2011-06-10",
"2823826","Tomb Raider - Xbox 360","2011-06-10",
"2823899","Kinect Star Wars - Xbox 360","2011-06-10",
"2824158","Hitman: Absolution - Xbox 360","2011-06-10",
"2833031","Call of Duty: Black Ops with First Strike Content Pack - Xbox 360","2011-06-20",
"2833095","Sonic Generations - Xbox 360","2011-05-23",
"2842602","Michael Phelps: Push the Limit - Xbox 360","2011-05-23",
"2842639","Rise of Nightmares - Xbox 360","2011-05-25",
"2842757","Sesame Street: Once Upon a Monster - Xbox 360","2011-05-25",
"2842775","MotionSports: Adrenaline - Xbox 360","2011-05-25",
"2846098","Ben 10 Galactic Racing - Xbox 360","2011-05-26",
"2856465","Madden NFL 12: Hall of Fame Edition - Xbox 360","2011-05-27",
"2856517","Halo: Combat Evolved Anniversary - Xbox 360","2011-06-06",
"2856544","Halo 4 - Xbox 360","2011-06-06",
"2889044","Mass Effect 3: N7 Collector's Edition - Xbox 360","2011-03-06",
"2897055","Kinect Sports: Season Two - Xbox 360","2011-06-06",
"2897073","Kinect: Disneyland Adventures - Xbox 360","2011-06-06",
"2897091","Kinectimals: Now with Bears - Xbox 360","2011-06-06",
"2897116","Kinect: Dance Central 2 - Xbox 360","2011-06-06",
"2904675","Overstrike - Xbox 360","2011-06-29",
"2842602","Michael Phelps: Push the Limit - Xbox 360","2011-05-23",
"2842639","Rise of Nightmares - Xbox 360","2011-05-25",
"2842757","Sesame Street: Once Upon a Monster - Xbox 360","2011-05-25",
"2842775","MotionSports: Adrenaline - Xbox 360","2011-05-25",
"2846098","Ben 10 Galactic Racing - Xbox 360","2011-05-26",
"2856465","Madden NFL 12: Hall of Fame Edition - Xbox 360","2011-05-27",
"2856517","Halo: Combat Evolved Anniversary - Xbox 360","2011-06-06",
"2856544","Halo 4 - Xbox 360","2011-06-06",
"2889044","Mass Effect 3: N7 Collector's Edition - Xbox 360","2011-03-06",
"2897055","Kinect Sports: Season Two - Xbox 360","2011-06-06",
"2897073","Kinect: Disneyland Adventures - Xbox 360","2011-06-06",
"2897091","Kinectimals: Now with Bears - Xbox 360","2011-06-06",
"2897116","Kinect: Dance Central 2 - Xbox 360","2011-06-06",
"2904675","Overstrike - Xbox 360","2011-06-29",
"2935092","The Gunstringer - Xbox 360","2011-06-15",
"2938114","Nicktoons MLB - Xbox 360","2011-06-15",
"2945052","Call of Duty: Modern Warfare 3 Hardened Edition - Xbox 360","2011-09-02",
"2945626","Otomedius Excellent Special Edition - Xbox 360","2011-06-16",
"2953607","Forza Motorsport 4: Limited Collector's Edition - Xbox 360","2011-06-28",
"2953816","BioShock Infinite - Xbox 360","2011-06-17",
"2977637","NBA 2K12 - Xbox 360","2011-06-22",
"3001046","Saints Row: The Third Platinum Pack - Xbox 360","2011-07-11",
"2935092","The Gunstringer - Xbox 360","2011-06-15",
"2938114","Nicktoons MLB - Xbox 360","2011-06-15",
"2945052","Call of Duty: Modern Warfare 3 Hardened Edition - Xbox 360","2011-09-02",
"2945626","Otomedius Excellent Special Edition - Xbox 360","2011-06-16",
"2953607","Forza Motorsport 4: Limited Collector's Edition - Xbox 360","2011-06-28",
"2953816","BioShock Infinite - Xbox 360","2011-06-17",
"2977637","NBA 2K12 - Xbox 360","2011-06-22",
"3001046","Saints Row: The Third Platinum Pack - Xbox 360","2011-07-11",
"3021387","WWE '12 - Xbox 360","2011-06-29",
"3035168","SSX - Xbox 360","2011-07-01",
"3046066","Rocksmith Best Buy Exclusive Edition Guitar Kit - Xbox 360","2011-07-06",
"3046603","Batman: Arkham City Collector's Edition - Xbox 360","2011-07-17",
"3052076","Rayman Origins - Xbox 360","2011-07-07",
"3052094","Family Game Night 4: The Game Show - Xbox 360","2011-07-07",
"3052119","Hasbro Family Game Night Fun Pack - Xbox 360","2011-07-07",
"3055161","LEGO Harry Potter: Years 5-7 - Xbox 360","2011-08-08",
"3071408","Spider-Man: Edge of Time - Xbox 360","2011-08-08",
"3071602","Wipeout 2 - Xbox 360","2011-09-28",
"3021387","WWE '12 - Xbox 360","2011-06-29",
"3035168","SSX - Xbox 360","2011-07-01",
"3046066","Rocksmith Best Buy Exclusive Edition Guitar Kit - Xbox 360","2011-07-06",
"3046603","Batman: Arkham City Collector's Edition - Xbox 360","2011-07-17",
"3052076","Rayman Origins - Xbox 360","2011-07-07",
"3052094","Family Game Night 4: The Game Show - Xbox 360","2011-07-07",
"3052119","Hasbro Family Game Night Fun Pack - Xbox 360","2011-07-07",
"3055161","LEGO Harry Potter: Years 5-7 - Xbox 360","2011-08-08",
"3071408","Spider-Man: Edge of Time - Xbox 360","2011-08-08",
"3071602","Wipeout 2 - Xbox 360","2011-09-28",
"3088387","Ultimate Marvel vs. Capcom 3 - Xbox 360","2011-07-20",
"3105111","Jimmie Johnson's Anything with an Engine - Xbox 360","2011-07-15",
"3130065","Blades of Time - Xbox 360","2011-07-19",
"3088387","Ultimate Marvel vs. Capcom 3 - Xbox 360","2011-07-20",
"3105111","Jimmie Johnson's Anything with an Engine - Xbox 360","2011-07-15",
"3130065","Blades of Time - Xbox 360","2011-07-19",
"3152127","PES 2012: Pro Evolution Soccer - Xbox 360","2011-07-21",
"3166581","Metal Gear Solid HD Collection - Xbox 360","2011-07-22",
"3166824","Never Dead - Xbox 360","2011-07-22",
"3167059","Birds of Steel - Xbox 360","2011-08-08",
"3180602","Bodycount - Xbox 360","2011-07-25",
"3184753","Spec Ops: The Line Premium Edition - Xbox 360","2011-07-25",
"3184908","UFC Undisputed 3 - Xbox 360","2011-07-25",
"3209295","El Shaddai: Ascension of the Metatron - Xbox 360","2011-07-27",
"3230198","uDraw GameTablet with uDraw Studio: Instant Artist - Xbox 360","2011-07-29",
"3152127","PES 2012: Pro Evolution Soccer - Xbox 360","2011-07-21",
"3166581","Metal Gear Solid HD Collection - Xbox 360","2011-07-22",
"3166824","Never Dead - Xbox 360","2011-07-22",
"3167059","Birds of Steel - Xbox 360","2011-08-08",
"3180602","Bodycount - Xbox 360","2011-07-25",
"3184753","Spec Ops: The Line Premium Edition - Xbox 360","2011-07-25",
"3184908","UFC Undisputed 3 - Xbox 360","2011-07-25",
"3209295","El Shaddai: Ascension of the Metatron - Xbox 360","2011-07-27",
"3230198","uDraw GameTablet with uDraw Studio: Instant Artist - Xbox 360","2011-07-29",
"3244621","The Elder Scrolls V: Skyrim Collector's Edition - Xbox 360","2011-08-05",
"3301256","The Penguins of Madagascar: Dr. Blowhole Returns Again - Xbox 360","2011-08-04",
"3301556","F1 2011 - Xbox 360","2011-08-04",
"3302121","The Black Eyed Peas Experience - Xbox 360","2011-08-04",
"3244621","The Elder Scrolls V: Skyrim Collector's Edition - Xbox 360","2011-08-05",
"3301256","The Penguins of Madagascar: Dr. Blowhole Returns Again - Xbox 360","2011-08-04",
"3301556","F1 2011 - Xbox 360","2011-08-04",
"3302121","The Black Eyed Peas Experience - Xbox 360","2011-08-04",
"3425352","Deepak Chopra's Leela - Xbox 360","2011-08-12",
"3431061","Prototype 2 - Xbox 360","2011-08-09",
"3432088","The Lord of the Rings: War in the North Collector's Edition - Xbox 360","2011-08-13",
"3433032","Borderlands 2 - Xbox 360","2011-08-14",
"3447104","The Elder Scrolls IV: Oblivion Game of the Year Edition - Xbox 360","2011-08-16",
"3447113","Prey 2 - Xbox 360","2011-08-16",
"3447362","Grease: Dance - Xbox 360","2011-08-16",
"3447468","Blackwater - Xbox 360","2011-08-16",
"3447762","Anarchy Reigns - Xbox 360","2011-08-16",
"3455185","Cabela's Big Game Hunter 2012 - Xbox 360","2011-08-16",
"3455398","Cabela's Big Game Hunter 2012 with Top Shot Elite Gun - Xbox 360","2011-08-16",
"3425352","Deepak Chopra's Leela - Xbox 360","2011-08-12",
"3431061","Prototype 2 - Xbox 360","2011-08-09",
"3432088","The Lord of the Rings: War in the North Collector's Edition - Xbox 360","2011-08-13",
"3433032","Borderlands 2 - Xbox 360","2011-08-14",
"3447104","The Elder Scrolls IV: Oblivion Game of the Year Edition - Xbox 360","2011-08-16",
"3447113","Prey 2 - Xbox 360","2011-08-16",
"3447362","Grease: Dance - Xbox 360","2011-08-16",
"3447468","Blackwater - Xbox 360","2011-08-16",
"3447762","Anarchy Reigns - Xbox 360","2011-08-16",
"3455185","Cabela's Big Game Hunter 2012 - Xbox 360","2011-08-16",
"3455398","Cabela's Big Game Hunter 2012 with Top Shot Elite Gun - Xbox 360","2011-08-16",
"3487029","Tropico 4 - Xbox 360","2011-08-19",
"3508275","Victorious: Time to Shine - Xbox 360","2011-08-24",
"3519923","Final Fantasy XIII - 2 - Xbox 360","2011-08-25",
"3487029","Tropico 4 - Xbox 360","2011-08-19",
"3508275","Victorious: Time to Shine - Xbox 360","2011-08-24",
"3519923","Final Fantasy XIII - 2 - Xbox 360","2011-08-25",
"3552327","Dragon Ball Z: Ultimate Tenkaichi - Xbox 360","2011-08-31",
"3555951","The Witcher 2: Assassins of Kings Enhanced Edition - Xbox 360","2011-08-31",
"3558579","Minute to Win It - Xbox 360","2011-09-01",
"3559384","The Sims 3: Pets - Xbox 360","2011-09-01",
"3559471","Jurassic Park: The Game - Xbox 360","2011-09-01",
"3559505","Red Dead Redemption: Game of the Year Edition - Xbox 360","2011-09-01",
"3559578","Red Dead Redemption: Game of the Year Edition - PlayStation 3","2011-09-01",
"3566857","GoldenEye 007: Reloaded - Xbox 360","2011-09-02",
"3568585","Twister Mania - Xbox 360","2011-10-13",
"3568919","Winter Stars - Xbox 360","2011-09-02",
"3569062","Jillian Michaels' Fitness Adventure - Xbox 360","2011-09-02",
"3569099","Alvin and the Chipmunks: Chip Wrecked - Xbox 360","2011-09-02",
"3569363","Cartoon Network: Punch Time Explosion XL - Xbox 360","2011-09-02",
"3581907","Cabela's Survival: Shadows of Katmai - Xbox 360","2011-09-04",
"3581961","Cabela's Survival: Shadows of Katmai with Top Shot Elite Peripheral - Xbox 360","2011-09-04",
"3600554"," Kicking - Xbox 360","2011-09-07",
"3617069","NASCAR Unleashed - Xbox 360","2011-09-09",
"3617087","Rapala for Kinect - Xbox 360","2011-09-09",
"3552327","Dragon Ball Z: Ultimate Tenkaichi - Xbox 360","2011-08-31",
"3555951","The Witcher 2: Assassins of Kings Enhanced Edition - Xbox 360","2011-08-31",
"3558579","Minute to Win It - Xbox 360","2011-09-01",
"3559384","The Sims 3: Pets - Xbox 360","2011-09-01",
"3559471","Jurassic Park: The Game - Xbox 360","2011-09-01",
"3559505","Red Dead Redemption: Game of the Year Edition - Xbox 360","2011-09-01",
"3559578","Red Dead Redemption: Game of the Year Edition - PlayStation 3","2011-09-01",
"3566857","GoldenEye 007: Reloaded - Xbox 360","2011-09-02",
"3568585","Twister Mania - Xbox 360","2011-10-13",
"3568919","Winter Stars - Xbox 360","2011-09-02",
"3569062","Jillian Michaels' Fitness Adventure - Xbox 360","2011-09-02",
"3569099","Alvin and the Chipmunks: Chip Wrecked - Xbox 360","2011-09-02",
"3569363","Cartoon Network: Punch Time Explosion XL - Xbox 360","2011-09-02",
"3581907","Cabela's Survival: Shadows of Katmai - Xbox 360","2011-09-04",
"3581961","Cabela's Survival: Shadows of Katmai with Top Shot Elite Peripheral - Xbox 360","2011-09-04",
"3600554"," Kicking - Xbox 360","2011-09-07",
"3617069","NASCAR Unleashed - Xbox 360","2011-09-09",
"3617087","Rapala for Kinect - Xbox 360","2011-09-09",
"3619076","Cabela's Adventure Camp - Xbox 360","2011-09-09",
"3619085","Cabela's Big Game Hunter Hunting Party with Top Shot Sport - Xbox 360","2011-09-09",
"3619173","DreamWorks Super Star Kartz - Xbox 360","2012-04-28",
"3622159","Air Conflicts: Secret Wars - Xbox 360","2011-09-09",
"3648174","JASF: Jane's Advanced Strike Fighters - Xbox 360","2011-09-09",
"3650045","Family Feud: 2012 Edition - Xbox 360","2011-09-15",
"3650081","The Price is Right: Decades - Xbox 360","2011-09-15",
"3650391","Just Dance Kids 2 - Xbox 360","2011-09-15",
"3650503","NCIS - Xbox 360","2011-09-15",
"3651035","Your Shape: Fitness Evolved 2012 - Xbox 360","2011-09-15",
"3653546","Self-Defense Training Camp - Xbox 360","2011-09-16",
"3653564","The Adventures of Tintin: The Game - Xbox 360","2011-09-16",
"3655492"," Skate Roadtrip - Xbox 360","2011-09-16",
"3668336","Battlefield 3 - Xbox 360","2011-10-25",
"3619076","Cabela's Adventure Camp - Xbox 360","2011-09-09",
"3619085","Cabela's Big Game Hunter Hunting Party with Top Shot Sport - Xbox 360","2011-09-09",
"3619173","DreamWorks Super Star Kartz - Xbox 360","2012-04-28",
"3622159","Air Conflicts: Secret Wars - Xbox 360","2011-09-09",
"3648174","JASF: Jane's Advanced Strike Fighters - Xbox 360","2011-09-09",
"3650045","Family Feud: 2012 Edition - Xbox 360","2011-09-15",
"3650081","The Price is Right: Decades - Xbox 360","2011-09-15",
"3650391","Just Dance Kids 2 - Xbox 360","2011-09-15",
"3650503","NCIS - Xbox 360","2011-09-15",
"3651035","Your Shape: Fitness Evolved 2012 - Xbox 360","2011-09-15",
"3653546","Self-Defense Training Camp - Xbox 360","2011-09-16",
"3653564","The Adventures of Tintin: The Game - Xbox 360","2011-09-16",
"3655492"," Skate Roadtrip - Xbox 360","2011-09-16",
"3668336","Battlefield 3 - Xbox 360","2011-10-25",
"3720071","Puss in Boots - Xbox 360","2011-09-26",
"3720071","Puss in Boots - Xbox 360","2011-09-26",
"3802065","L.A. Noire: Complete Edition - Xbox 360","2011-09-01",
"3826884","Nickelodeon Dance - Xbox 360","2011-10-05",
"3827774","Let's Cheer - Xbox 360","2011-10-05",
"3838112","The King of Fighters XIII - Xbox 360","2011-11-22",
"3847419","uDraw: Marvel Super Hero Squad: Comic Combat - Xbox 360","2011-10-07",
"3802065","L.A. Noire: Complete Edition - Xbox 360","2011-09-01",
"3826884","Nickelodeon Dance - Xbox 360","2011-10-05",
"3827774","Let's Cheer - Xbox 360","2011-10-05",
"3838112","The King of Fighters XIII - Xbox 360","2011-11-22",
"3847419","uDraw: Marvel Super Hero Squad: Comic Combat - Xbox 360","2011-10-07",
"3905186","Darksiders II: Limited Edition - Xbox 360","2011-10-13",
"3905186","Darksiders II: Limited Edition - Xbox 360","2011-10-13",
"3967307","Street Fighter X Tekken Special Edition - Xbox 360","2011-10-18",
"3969086","Soul Calibur V - Xbox 360","2011-10-18",
"3967307","Street Fighter X Tekken Special Edition - Xbox 360","2011-10-18",
"3969086","Soul Calibur V - Xbox 360","2011-10-18",
"4715623","Dead to Rights Platinum Hits - Xbox","2002-07-10",
"4715623","Dead to Rights Platinum Hits - Xbox","2002-07-10",
"6719688","Tony Hawk's Underground 2 Platinum Hits - Xbox","2004-06-16",
"6719688","Tony Hawk's Underground 2 Platinum Hits - Xbox","2004-06-16",
"7294616","Tom Clancy's Ghost Recon: Advanced Warfighter Platinum Hits - Xbox 360","2011-03-06",
"7294661","Halo 3 Platinum Hits - Xbox 360","2006-06-17",
"7294616","Tom Clancy's Ghost Recon: Advanced Warfighter Platinum Hits - Xbox 360","2011-03-06",
"7294661","Halo 3 Platinum Hits - Xbox 360","2006-06-17",
"7729489","TimeShift - Xbox 360","2006-11-30",
"7729489","TimeShift - Xbox 360","2006-11-30",
"7836737","Call of Duty 2: Game of the Year Edition - Xbox 360","2011-07-24",
"7849894","Brothers in Arms: Hell's Highway - Xbox 360","2011-03-06",
"7836737","Call of Duty 2: Game of the Year Edition - Xbox 360","2011-07-24",
"7849894","Brothers in Arms: Hell's Highway - Xbox 360","2011-03-06",
"7959033","Grand Theft Auto IV Platinum Hits - Xbox 360","2006-07-19",
"7959033","Grand Theft Auto IV Platinum Hits - Xbox 360","2006-07-19",
"8025816","Tony Hawk's Project 8 Platinum Hits - Xbox 360","2010-10-03",
"8025816","Tony Hawk's Project 8 Platinum Hits - Xbox 360","2010-10-03",
"8115906","Tom Clancy's Rainbow Six: Vegas - Xbox 360","2011-03-06",
"8115906","Tom Clancy's Rainbow Six: Vegas - Xbox 360","2011-03-06",
"8237259","Call of Duty 3: Gold Edition - Xbox 360","2011-07-24",
"8237302","Tom Clancy's Ghost Recon: Advanced Warfighter 2 - Xbox 360","2011-06-05",
"8237259","Call of Duty 3: Gold Edition - Xbox 360","2011-07-24",
"8237302","Tom Clancy's Ghost Recon: Advanced Warfighter 2 - Xbox 360","2011-06-05",
"8321737","Transformers: The Game - Xbox 360","2007-03-26",
"8323593","Mass Effect Platinum Hits - Xbox 360","2007-04-04",
"8321737","Transformers: The Game - Xbox 360","2007-03-26",
"8323593","Mass Effect Platinum Hits - Xbox 360","2007-04-04",
"8438032","Assassin's Creed Platinum Hits - Xbox 360","2007-06-27",
"8461915","Assassin's Creed Limited Edition - Xbox 360","2007-07-17",
"8473608","Tony Hawk's Proving Ground - Xbox 360","2007-07-25",
"8438032","Assassin's Creed Platinum Hits - Xbox 360","2007-06-27",
"8461915","Assassin's Creed Limited Edition - Xbox 360","2007-07-17",
"8473608","Tony Hawk's Proving Ground - Xbox 360","2007-07-25",
"8498609","Blazing Angels 2: Secret Missions of WWII - Xbox 360","2011-03-09",
"8504353","Beautiful Katamari - Xbox 360","2007-08-09",
"8509447","Kengo: Legend of the 9 - Xbox 360","2007-08-13",
"8533848","The Orange Box Platinum Hits - Xbox 360","2007-08-28",
"8534204","Crash of the Titans - Xbox 360","2007-08-27",
"8564564","Ace Combat 6: Fires of Liberation Platinum Hits - Xbox 360","2011-06-05",
"8588334","F.E.A.R. Files - Xbox 360","2007-09-07",
"8498609","Blazing Angels 2: Secret Missions of WWII - Xbox 360","2011-03-09",
"8504353","Beautiful Katamari - Xbox 360","2007-08-09",
"8509447","Kengo: Legend of the 9 - Xbox 360","2007-08-13",
"8533848","The Orange Box Platinum Hits - Xbox 360","2007-08-28",
"8534204","Crash of the Titans - Xbox 360","2007-08-27",
"8564564","Ace Combat 6: Fires of Liberation Platinum Hits - Xbox 360","2011-06-05",
"8588334","F.E.A.R. Files - Xbox 360","2007-09-07",
"8589244","Soldier of Fortune: Payback - Xbox 360","2011-03-06",
"8590562","Lara Croft Tomb Raider: Anniversary - Xbox 360","2007-10-01",
"8595763","LEGO Star Wars: The Complete Saga - Xbox 360","2011-03-06",
"8597556","MX vs. ATV: Untamed - Xbox 360","2011-03-06",
"8649714","Devil May Cry 4 - Xbox 360","2011-06-05",
"8669657","Turning Point: Fall of Liberty - Xbox 360","2011-05-15",
"8589244","Soldier of Fortune: Payback - Xbox 360","2011-03-06",
"8590562","Lara Croft Tomb Raider: Anniversary - Xbox 360","2007-10-01",
"8595763","LEGO Star Wars: The Complete Saga - Xbox 360","2011-03-06",
"8597556","MX vs. ATV: Untamed - Xbox 360","2011-03-06",
"8649714","Devil May Cry 4 - Xbox 360","2011-06-05",
"8669657","Turning Point: Fall of Liberty - Xbox 360","2011-05-15",
"8709203","Soul Calibur IV - Xbox 360","2003-09-04",
"8736601","Guitar Hero: Aerosmith - Xbox 360","2008-02-15",
"8760398","Gears of War 2 - Xbox 360","2008-01-23",
"8770868","Call of Duty 4: Modern Warfare Game of the Year Edition - Xbox 360","2008-01-22",
"8709203","Soul Calibur IV - Xbox 360","2003-09-04",
"8736601","Guitar Hero: Aerosmith - Xbox 360","2008-02-15",
"8760398","Gears of War 2 - Xbox 360","2008-01-23",
"8770868","Call of Duty 4: Modern Warfare Game of the Year Edition - Xbox 360","2008-01-22",
"8793326","LEGO Batman: The Videogame - Xbox 360","2011-06-05",
"8802414","Don King Presents Prizefighter - Xbox 360","2008-03-24",
"8813313","Fallout 3 Platinum Hits - Xbox 360","2012-07-29",
"8814811","Saints Row 2 - Xbox 360","2008-04-01",
"8829707","LEGO Indiana Jones: The Original Adventures - Xbox 360","2011-03-06",
"8793326","LEGO Batman: The Videogame - Xbox 360","2011-06-05",
"8802414","Don King Presents Prizefighter - Xbox 360","2008-03-24",
"8813313","Fallout 3 Platinum Hits - Xbox 360","2012-07-29",
"8814811","Saints Row 2 - Xbox 360","2008-04-01",
"8829707","LEGO Indiana Jones: The Original Adventures - Xbox 360","2011-03-06",
"8878609","Midnight Club: Los Angeles - Xbox 360","2008-05-16",
"8882701","Pure - Xbox 360","2011-05-15",
"8887644","Call of Duty: World at War - Xbox 360","2008-06-23",
"8878609","Midnight Club: Los Angeles - Xbox 360","2008-05-16",
"8882701","Pure - Xbox 360","2011-05-15",
"8887644","Call of Duty: World at War - Xbox 360","2008-06-23",
"8947205","Star Wars: The Force Unleashed - Xbox 360","2011-03-06",
"8947768","Infinite Undiscovery - Xbox 360","2011-06-05",
"8949365","Far Cry 2 - Xbox 360","2008-09-21",
"8963936","Sonic Unleashed - Xbox 360","2011-03-06",
"8978369","FaceBreaker - Xbox 360","2008-08-05",
"8988018","Bolt - Xbox 360","2012-07-29",
"8990014","NBA 2K9 - Xbox 360","2008-08-12",
"8994314","NFL Head Coach 09 - Xbox 360","2008-08-13",
"9008511","Madagascar: Escape 2 Africa - Xbox 360","2008-08-18",
"9018537","The Last Remnant - Xbox 360","2012-07-29",
"8947205","Star Wars: The Force Unleashed - Xbox 360","2011-03-06",
"8947768","Infinite Undiscovery - Xbox 360","2011-06-05",
"8949365","Far Cry 2 - Xbox 360","2008-09-21",
"8963936","Sonic Unleashed - Xbox 360","2011-03-06",
"8978369","FaceBreaker - Xbox 360","2008-08-05",
"8988018","Bolt - Xbox 360","2012-07-29",
"8990014","NBA 2K9 - Xbox 360","2008-08-12",
"8994314","NFL Head Coach 09 - Xbox 360","2008-08-13",
"9008511","Madagascar: Escape 2 Africa - Xbox 360","2008-08-18",
"9018537","The Last Remnant - Xbox 360","2012-07-29",
"9057735","Rock Revolution - Xbox 360","2008-09-08",
"9064077","Tomb Raider: Underworld - Xbox 360","2011-03-06",
"9092206","Mirror's Edge - Xbox 360","2011-03-06",
"9092563","Mortal Kombat vs. DC Universe Platinum Hits - Xbox 360","2008-10-01",
"9122683","Prince of Persia - Xbox 360","2011-03-06",
"9057735","Rock Revolution - Xbox 360","2008-09-08",
"9064077","Tomb Raider: Underworld - Xbox 360","2011-03-06",
"9092206","Mirror's Edge - Xbox 360","2011-03-06",
"9092563","Mortal Kombat vs. DC Universe Platinum Hits - Xbox 360","2008-10-01",
"9122683","Prince of Persia - Xbox 360","2011-03-06",
"9166742","Street Fighter IV Platinum Hits - Xbox 360","2008-11-25",
"9166797","Resident Evil 5 Platinum Hits - Xbox 360","2008-11-25",
"9189415","Disney Sing It: High School Musical 3: Senior Year with Microphone - Xbox 360","2008-12-22",
"9194999","WWE Legends of WrestleMania - Xbox 360","2008-12-30",
"9215164","X Blades - Xbox 360","2009-01-16",
"9215333","Sonic's Ultimate Genesis Collection Platinum Hits - Xbox 360","2009-01-16",
"9215814","Disney Sing It: High School Musical 3: Senior Year - Xbox 360","2009-01-20",
"9166742","Street Fighter IV Platinum Hits - Xbox 360","2008-11-25",
"9166797","Resident Evil 5 Platinum Hits - Xbox 360","2008-11-25",
"9189415","Disney Sing It: High School Musical 3: Senior Year with Microphone - Xbox 360","2008-12-22",
"9194999","WWE Legends of WrestleMania - Xbox 360","2008-12-30",
"9215164","X Blades - Xbox 360","2009-01-16",
"9215333","Sonic's Ultimate Genesis Collection Platinum Hits - Xbox 360","2009-01-16",
"9215814","Disney Sing It: High School Musical 3: Senior Year - Xbox 360","2009-01-20",
"9223501","Madden NFL 10 - Xbox 360","2009-01-29",
"9238336","Tom Clancy's Rainbow Six: Vegas / Ghost Recon Advanced Warfighter - Xbox 360","2009-02-06",
"9248833","PopCap Arcade Vol. 2 - Xbox 360","2009-04-06",
"9254111","Halo 3: ODST - Xbox 360","2009-02-20",
"9254255","Hannah Montana: The Movie - Xbox 360","2012-04-28",
"9257083","Stormrise - Xbox 360","2009-03-24",
"9261014","Mafia II - Xbox 360","2009-02-26",
"9261746","Wolfenstein - Xbox 360","2009-02-26",
"9262237","tal Legend - Xbox 360","2009-02-26",
"9265038","Transformers: Revenge of the Fallen - Xbox 360","2012-07-29",
"9265387","Singularity - Xbox 360","2009-03-03",
"9276473","Call of Duty: Modern Warfare 2 - Xbox 360","2009-04-10",
"9285686","Fight Night: Round 4 - Xbox 360","2009-03-16",
"9291232","Tekken 6 - Xbox 360","2009-03-18",
"9302168","Up - Xbox 360","2009-03-31",
"9223501","Madden NFL 10 - Xbox 360","2009-01-29",
"9238336","Tom Clancy's Rainbow Six: Vegas / Ghost Recon Advanced Warfighter - Xbox 360","2009-02-06",
"9248833","PopCap Arcade Vol. 2 - Xbox 360","2009-04-06",
"9254111","Halo 3: ODST - Xbox 360","2009-02-20",
"9254255","Hannah Montana: The Movie - Xbox 360","2012-04-28",
"9257083","Stormrise - Xbox 360","2009-03-24",
"9261014","Mafia II - Xbox 360","2009-02-26",
"9261746","Wolfenstein - Xbox 360","2009-02-26",
"9262237","tal Legend - Xbox 360","2009-02-26",
"9265038","Transformers: Revenge of the Fallen - Xbox 360","2012-07-29",
"9265387","Singularity - Xbox 360","2009-03-03",
"9276473","Call of Duty: Modern Warfare 2 - Xbox 360","2009-04-10",
"9285686","Fight Night: Round 4 - Xbox 360","2009-03-16",
"9291232","Tekken 6 - Xbox 360","2009-03-18",
"9302168","Up - Xbox 360","2009-03-31",
"9328809","BioShock 2 - Xbox 360","2009-04-20",
"9328943","LEGO Rock Band - Xbox 360","2009-04-21",
"9331591","Assassin's Creed II Platinum Hits - Xbox 360","2009-04-22",
"9331644","Tom Clancy's Splinter Cell: Conviction - Xbox 360","2009-04-22",
"9333544","Monster Jam - Xbox 360","2010-01-13",
"9343347","G-Force - Xbox 360","2011-05-15",
"9345559","Call of Duty: Modern Warfare 2 Hardened Edition - Xbox 360","2009-05-10",
"9374134","Red Dead Redemption - Xbox 360","2012-07-01",
"9385809","G.I. Joe: The Rise of Cobra - Xbox 360","2009-06-02",
"9328809","BioShock 2 - Xbox 360","2009-04-20",
"9328943","LEGO Rock Band - Xbox 360","2009-04-21",
"9331591","Assassin's Creed II Platinum Hits - Xbox 360","2009-04-22",
"9331644","Tom Clancy's Splinter Cell: Conviction - Xbox 360","2009-04-22",
"9333544","Monster Jam - Xbox 360","2010-01-13",
"9343347","G-Force - Xbox 360","2011-05-15",
"9345559","Call of Duty: Modern Warfare 2 Hardened Edition - Xbox 360","2009-05-10",
"9374134","Red Dead Redemption - Xbox 360","2012-07-01",
"9385809","G.I. Joe: The Rise of Cobra - Xbox 360","2009-06-02",
"9396833","Band Hero - Xbox 360","2009-06-11",
"9406243","Blur - Xbox 360","2010-02-10",
"9417179","Split/Second - Xbox 360","2009-06-24",
"9441712","Fallout 3: Broken Steel and Point Lookout Game Add-On Pack - Xbox 360","2011-05-15",
"9460736","Forza Motorsport 3 - Xbox 360","2012-05-25",
"9461183","Final Fantasy XIII - Xbox 360","2009-07-21",
"9487067","Borderlands - Xbox 360","2009-08-05",
"9396833","Band Hero - Xbox 360","2009-06-11",
"9406243","Blur - Xbox 360","2010-02-10",
"9417179","Split/Second - Xbox 360","2009-06-24",
"9441712","Fallout 3: Broken Steel and Point Lookout Game Add-On Pack - Xbox 360","2011-05-15",
"9460736","Forza Motorsport 3 - Xbox 360","2012-05-25",
"9461183","Final Fantasy XIII - Xbox 360","2009-07-21",
"9487067","Borderlands - Xbox 360","2009-08-05",
"9504431","Alpha Protocol - Xbox 360","2009-08-17",
"9511432","Left 4 Dead 2 - Xbox 360","2009-08-20",
"9515937","Cars Race-O-Rama - Xbox 360","2011-03-06",
"9517748","Fairytale Fights - Xbox 360","2009-08-25",
"9522634","Rock Band Metal Track Pack - Xbox 360","2009-08-26",
"9540428","Midnight Club: Los Angeles Complete Edition Platinum Hits - Xbox 360","2009-09-08",
"9540473","NBA 2K10 Anniversary Edition - Xbox 360","2009-09-08",
"9562261","SpongeBob's Truth or Square - Xbox 360","2011-06-05",
"9562957","Lips: Number One Hits Exclusive Downloadable Colbie Caillat Songs Offer - Xbox 360","2009-09-21",
"9504431","Alpha Protocol - Xbox 360","2009-08-17",
"9511432","Left 4 Dead 2 - Xbox 360","2009-08-20",
"9515937","Cars Race-O-Rama - Xbox 360","2011-03-06",
"9517748","Fairytale Fights - Xbox 360","2009-08-25",
"9522634","Rock Band Metal Track Pack - Xbox 360","2009-08-26",
"9540428","Midnight Club: Los Angeles Complete Edition Platinum Hits - Xbox 360","2009-09-08",
"9540473","NBA 2K10 Anniversary Edition - Xbox 360","2009-09-08",
"9562261","SpongeBob's Truth or Square - Xbox 360","2011-06-05",
"9562957","Lips: Number One Hits Exclusive Downloadable Colbie Caillat Songs Offer - Xbox 360","2009-09-21",
"9589313","LEGO Indiana Jones 2: The Adventure Continues - Xbox 360","2009-10-01",
"9589956","CSI: Deadly Intent - Xbox 360","2009-10-01",
"9594469","Madagascar Kartz - Xbox 360","2011-03-06",
"9622501","NCAA Basketball 10 - Xbox 360","2009-10-15",
"9629301","The Saboteur - Xbox 360","2012-06-01",
"9629647","Jurassic: The Hunted - Xbox 360","2011-05-15",
"9649243","Lost Planet 2 - Xbox 360","2009-10-30",
"9654087","X360-STOKED BIG AIR EDITION - X360","2009-11-04",
"9663261","Mass Effect 2 - Xbox 360","2009-11-10",
"9691527","Prince of Persia: The Forgotten Sands - Xbox 360","2009-12-02",
"9696416","Konami Classics Vol. 1 - Xbox 360","2009-12-04",
"9701377","Fallout New Vegas - Xbox 360","2009-12-08",
"9707817","Vancouver 2010 - Xbox 360","2009-12-14",
"9707935","UFC Undisputed 2010 - Xbox 360","2009-12-15",
"9589313","LEGO Indiana Jones 2: The Adventure Continues - Xbox 360","2009-10-01",
"9589956","CSI: Deadly Intent - Xbox 360","2009-10-01",
"9594469","Madagascar Kartz - Xbox 360","2011-03-06",
"9622501","NCAA Basketball 10 - Xbox 360","2009-10-15",
"9629301","The Saboteur - Xbox 360","2012-06-01",
"9629647","Jurassic: The Hunted - Xbox 360","2011-05-15",
"9649243","Lost Planet 2 - Xbox 360","2009-10-30",
"9654087","X360-STOKED BIG AIR EDITION - X360","2009-11-04",
"9663261","Mass Effect 2 - Xbox 360","2009-11-10",
"9691527","Prince of Persia: The Forgotten Sands - Xbox 360","2009-12-02",
"9696416","Konami Classics Vol. 1 - Xbox 360","2009-12-04",
"9701377","Fallout New Vegas - Xbox 360","2009-12-08",
"9707817","Vancouver 2010 - Xbox 360","2009-12-14",
"9707935","UFC Undisputed 2010 - Xbox 360","2009-12-15",
"9713872","Halo: Reach - Xbox 360","2009-12-17",
"9715591","TRON: Evolution - Xbox 360","2009-12-17",
"9739989","BioShock 2 Limited Edition - Xbox 360","2010-01-08",
"9749358","Disney/Pixar Toy Story 3 - Xbox 360","2010-02-15",
"9790751","Blood Bowl - Xbox 360","2010-02-08",
"9791614","Madden NFL 11 - Xbox 360","2010-02-08",
"9791723","NCAA Football 11 - Xbox 360","2010-02-08",
"9808306","Dynasty Warriors: Strikeforce - Xbox 360","2010-02-15",
"9810374","Brink - Xbox 360","2010-02-15",
"9823696","Iron Man 2 - Xbox 360","2010-04-14",
"9823769","Dead Rising 2 - Xbox 360","2010-02-17",
"9713872","Halo: Reach - Xbox 360","2009-12-17",
"9715591","TRON: Evolution - Xbox 360","2009-12-17",
"9739989","BioShock 2 Limited Edition - Xbox 360","2010-01-08",
"9749358","Disney/Pixar Toy Story 3 - Xbox 360","2010-02-15",
"9790751","Blood Bowl - Xbox 360","2010-02-08",
"9791614","Madden NFL 11 - Xbox 360","2010-02-08",
"9791723","NCAA Football 11 - Xbox 360","2010-02-08",
"9808306","Dynasty Warriors: Strikeforce - Xbox 360","2010-02-15",
"9810374","Brink - Xbox 360","2010-02-15",
"9823696","Iron Man 2 - Xbox 360","2010-04-14",
"9823769","Dead Rising 2 - Xbox 360","2010-02-17",
"9827204","Fable II Platinum Hits - Xbox 360","2010-02-20",
"9843708"," 4 - Xbox 360","2010-03-02",
"9854507","Halo: Reach Limited Edition - Xbox 360","2010-04-22",
"9854668","Halo: Reach Legendary Edition - Xbox 360","2010-04-23",
"9854786","Fable III - Xbox 360","2010-04-07",
"9854804","Gears of War 3 - Xbox 360","2010-04-14",
"9858063","Tom Clancy's Ghost Recon: Advanced Warfighter Platinum Hits - Xbox 360","2010-04-04",
"9865018","Skate 3 - Xbox 360","2010-03-15",
"9889193","Tom Clancy's Ghost Recon: Future Soldier - Xbox 360","2010-03-25",
"9893348","Transformers: War for Cybertron - Xbox 360","2010-03-26",
"9896071","Nier - Xbox 360","2010-03-30",
"9902347","Call of Duty: Black Ops - Xbox 360","2010-04-28",
"9927328","Batman: Arkham Asylum Game of the Year Edition - Xbox 360","2010-04-14",
"9927373","F.E.A.R. 3 - Xbox 360","2010-04-14",
"9927451","N3 II: Ninety-Nine Nights - Xbox 360","2011-11-22",
"9936089","Medal Of Honor - Xbox 360","2010-04-20",
"9936195","Splatterhouse - Xbox 360","2010-04-20",
"9827204","Fable II Platinum Hits - Xbox 360","2010-02-20",
"9843708"," 4 - Xbox 360","2010-03-02",
"9854507","Halo: Reach Limited Edition - Xbox 360","2010-04-22",
"9854668","Halo: Reach Legendary Edition - Xbox 360","2010-04-23",
"9854786","Fable III - Xbox 360","2010-04-07",
"9854804","Gears of War 3 - Xbox 360","2010-04-14",
"9858063","Tom Clancy's Ghost Recon: Advanced Warfighter Platinum Hits - Xbox 360","2010-04-04",
"9865018","Skate 3 - Xbox 360","2010-03-15",
"9889193","Tom Clancy's Ghost Recon: Future Soldier - Xbox 360","2010-03-25",
"9893348","Transformers: War for Cybertron - Xbox 360","2010-03-26",
"9896071","Nier - Xbox 360","2010-03-30",
"9902347","Call of Duty: Black Ops - Xbox 360","2010-04-28",
"9927328","Batman: Arkham Asylum Game of the Year Edition - Xbox 360","2010-04-14",
"9927373","F.E.A.R. 3 - Xbox 360","2010-04-14",
"9927451","N3 II: Ninety-Nine Nights - Xbox 360","2011-11-22",
"9936089","Medal Of Honor - Xbox 360","2010-04-20",
"9936195","Splatterhouse - Xbox 360","2010-04-20",
"9949037","NHL 11 - Xbox 360","2010-04-27",
"9952004","Attack of the Movies 3-D - Xbox 360","2010-04-28",
"9953959","EA SPORTS MMA - Xbox 360","2010-04-29",
"9955514","Star Wars: The Force Unleashed II - Xbox 360","2010-04-29",
"9956073","Kane and Lynch 2: Dog Days - Xbox 360","2010-04-30",
"9959853","Tom Clancy's H.A.W.X. 2 - Xbox 360","2010-05-03",
"9963729","Backyard Sports Sandlot Sluggers - Xbox 360","2012-06-01",
"9967476","Test Drive Unlimited 2 - Xbox 360","2010-05-06",
"9976899","L.A. Noire - Xbox 360","2010-05-07",
"9977237","Shaun White Skateboarding - Xbox 360","2010-05-07",
"9980886","Star Wars: The Force Unleashed - Xbox 360","2010-06-06",
"9984142","Assassin's Creed Brotherhood - Xbox 360","2010-05-11",
"9949037","NHL 11 - Xbox 360","2010-04-27",
"9952004","Attack of the Movies 3-D - Xbox 360","2010-04-28",
"9953959","EA SPORTS MMA - Xbox 360","2010-04-29",
"9955514","Star Wars: The Force Unleashed II - Xbox 360","2010-04-29",
"9956073","Kane and Lynch 2: Dog Days - Xbox 360","2010-04-30",
"9959853","Tom Clancy's H.A.W.X. 2 - Xbox 360","2010-05-03",
"9963729","Backyard Sports Sandlot Sluggers - Xbox 360","2012-06-01",
"9967476","Test Drive Unlimited 2 - Xbox 360","2010-05-06",
"9976899","L.A. Noire - Xbox 360","2010-05-07",
"9977237","Shaun White Skateboarding - Xbox 360","2010-05-07",
"9980886","Star Wars: The Force Unleashed - Xbox 360","2010-06-06",
"9984142","Assassin's Creed Brotherhood - Xbox 360","2010-05-11",
"9999169100050027","Digital Only Bundle","2011-10-27",
"9999169100050027","Digital Only Bundle","2011-10-27",
